{
  "parent": "item/generated",
  "textures": {
      "layer0": "item/shulker_compass_16"
  },
  "overrides": [
      { "predicate": { "angle": 0.000000, "custom_model_data":6 }, "model": "item/shulker_compass" },
      { "predicate": { "angle": 0.015625, "custom_model_data":6 }, "model": "item/shulker_compass_17" },
      { "predicate": { "angle": 0.046875, "custom_model_data":6 }, "model": "item/shulker_compass_18" },
      { "predicate": { "angle": 0.078125, "custom_model_data":6 }, "model": "item/shulker_compass_19" },
      { "predicate": { "angle": 0.109375, "custom_model_data":6 }, "model": "item/shulker_compass_20" },
      { "predicate": { "angle": 0.140625, "custom_model_data":6 }, "model": "item/shulker_compass_21" },
      { "predicate": { "angle": 0.171875, "custom_model_data":6 }, "model": "item/shulker_compass_22" },
      { "predicate": { "angle": 0.203125, "custom_model_data":6 }, "model": "item/shulker_compass_23" },
      { "predicate": { "angle": 0.234375, "custom_model_data":6 }, "model": "item/shulker_compass_24" },
      { "predicate": { "angle": 0.265625, "custom_model_data":6 }, "model": "item/shulker_compass_25" },
      { "predicate": { "angle": 0.296875, "custom_model_data":6 }, "model": "item/shulker_compass_26" },
      { "predicate": { "angle": 0.328125, "custom_model_data":6 }, "model": "item/shulker_compass_27" },
      { "predicate": { "angle": 0.359375, "custom_model_data":6 }, "model": "item/shulker_compass_28" },
      { "predicate": { "angle": 0.390625, "custom_model_data":6 }, "model": "item/shulker_compass_29" },
      { "predicate": { "angle": 0.421875, "custom_model_data":6 }, "model": "item/shulker_compass_30" },
      { "predicate": { "angle": 0.453125, "custom_model_data":6 }, "model": "item/shulker_compass_31" },
      { "predicate": { "angle": 0.484375, "custom_model_data":6 }, "model": "item/shulker_compass_00" },
      { "predicate": { "angle": 0.515625, "custom_model_data":6 }, "model": "item/shulker_compass_01" },
      { "predicate": { "angle": 0.546875, "custom_model_data":6 }, "model": "item/shulker_compass_02" },
      { "predicate": { "angle": 0.578125, "custom_model_data":6 }, "model": "item/shulker_compass_03" },
      { "predicate": { "angle": 0.609375, "custom_model_data":6 }, "model": "item/shulker_compass_04" },
      { "predicate": { "angle": 0.640625, "custom_model_data":6 }, "model": "item/shulker_compass_05" },
      { "predicate": { "angle": 0.671875, "custom_model_data":6 }, "model": "item/shulker_compass_06" },
      { "predicate": { "angle": 0.703125, "custom_model_data":6 }, "model": "item/shulker_compass_07" },
      { "predicate": { "angle": 0.734375, "custom_model_data":6 }, "model": "item/shulker_compass_08" },
      { "predicate": { "angle": 0.765625, "custom_model_data":6 }, "model": "item/shulker_compass_09" },
      { "predicate": { "angle": 0.796875, "custom_model_data":6 }, "model": "item/shulker_compass_10" },
      { "predicate": { "angle": 0.828125, "custom_model_data":6 }, "model": "item/shulker_compass_11" },
      { "predicate": { "angle": 0.859375, "custom_model_data":6 }, "model": "item/shulker_compass_12" },
      { "predicate": { "angle": 0.890625, "custom_model_data":6 }, "model": "item/shulker_compass_13" },
      { "predicate": { "angle": 0.921875, "custom_model_data":6 }, "model": "item/shulker_compass_14" },
      { "predicate": { "angle": 0.953125, "custom_model_data":6 }, "model": "item/shulker_compass_15" },
      { "predicate": { "angle": 0.984375, "custom_model_data":6 }, "model": "item/shulker_compass" }
  ]
}
