{
    "parent": "minecraft:item/generated",
    "textures": {
        "layer0": "minecraft:item/ender_pearl"
    },
    "overrides": [
        {
            "predicate": {
                "custom_model_data": 1
            },
            "model": "manhunt:item/deleo_area"
        },
        {
            "predicate": {
                "custom_model_data": 2
            },
            "model": "manhunt:item/deleo_area_weak"
        },
        {
            "predicate": {
                "custom_model_data": 3
            },
            "model": "manhunt:item/deleo_area_charging"
        },
        {
            "predicate": {
                "custom_model_data": 4
            },
            "model": "manhunt:item/sicarius_pearl"
        }
    ]
}